{"cameraMode":{"drawMode":0,"name":"Shaded","section":"Shading Mode"},"sceneLighting":false,"audioPlay":false,"sceneViewState":{"showFog":true,"showMaterialUpdate":false,"showSkybox":false,"showFlares":true,"showImageEffects":true,"showParticleSystems":true},"in2DMode":false,"pivot":{"x":0.6426812410354614,"y":-0.1813415288925171,"z":1.7017298936843873},"rotation":{"x":-0.12086936086416245,"y":-0.6134887933731079,"z":0.09573955088853836,"w":-0.774512529373169},"size":0.13192880153656007,"orthographic":false}