{"cameraMode":{"drawMode":0,"name":"Shaded","section":"Shading Mode"},"sceneLighting":false,"audioPlay":false,"sceneViewState":{"showFog":true,"showMaterialUpdate":false,"showSkybox":false,"showFlares":true,"showImageEffects":true,"showParticleSystems":true},"in2DMode":false,"pivot":{"x":0.5101394653320313,"y":1.1907289028167725,"z":-0.4566173553466797},"rotation":{"x":-0.12838289141654969,"y":0.7879853844642639,"z":-0.17563778162002564,"w":-0.5759798288345337},"size":0.953408420085907,"orthographic":false}